{
  "learning_rate": 0.03488161148485931,
  "num_leaves": 181,
  "max_depth": 9,
  "min_child_samples": 13,
  "subsample": 0.8043814299639255,
  "colsample_bytree": 0.6031707109518488,
  "reg_alpha": 0.00013001163094298563,
  "reg_lambda": 0.3364770049951767,
  "min_split_gain": 0.7891729810363337,
  "max_bin": 379
}